{"uid":"efb4ae45-a618-440b-956c-55144f017904","title":"momo","credate":"Tue, 05 Dec 2023 10:51:58 GMT","creator":"moso","tags":["bluearchive","game"],"font":{"bold":"https://cdn.jsdelivr.net/gh/Raun0129/mosotalk-font/ko-KR/Title_Bold.woff","normal":"https://cdn.jsdelivr.net/gh/Raun0129/mosotalk-font/ko-KR/Title_Medium.woff"},"talk":{"backgroundColor":"#ffffff"},"chatBoxIsFirst":{"marginTop":"8px"},"chatBox":{"paddingLeft":"16px","paddingTop":"8px","paddingRight":"16px","paddingBottom":"0px"},"characterProfileImage":{"marginLeft":"0px","marginTop":"0","marginRight":"16px","marginBottom":"0px","height":"60px","width":"60px","borderRadius":"999px"},"characterProfileName":{"color":"#000000","fontSize":"14px","lineHeight":"22px","marginLeft":"0px","marginTop":"0px","marginRight":"0px","marginBottom":"0","fontWeight":600},"characterChat":{"backgroundColor":"#4c5b6f","color":"#ffffff","borderColor":"#4c5b6f","borderRadius":"10px","borderLeftWidth":"0","borderTopWidth":"0","borderRightWidth":"0","borderBottomWidth":"0","fontSize":"16px","lineHeight":"20px","marginLeft":"0px","marginTop":"0px","marginRight":"0px","marginBottom":"0px","paddingLeft":"9px","paddingTop":"10px","paddingRight":"9px","paddingBottom":"9px","fontWeight":400},"playerChat":{"backgroundColor":"#4a8aca","color":"#ffffff","borderColor":"#4a8aca"},"characterChatVertex":{"top":"8px","left":"-8px","bottom":"","borderTopWidth":"8px","borderRightWidth":"12px","borderBottomWidth":"8px"},"playerChatVertex":{"top":"8px","right":"-8px","borderTopWidth":"8px","borderLeftWidth":"12px","borderBottomWidth":"8px","bottom":""},"chatVertexOption":{"allChat":false,"imageChat":false,"selectionChat":false,"characterChatColor":"#4c5b6f","playerChatColor":"#4a8aca","characterImageChatColor":"#ffffff","playerImageChatColor":"#ffffff","selectionChatColor":"#ffffff"},"chatTime":{"color":"#4c5b6f","fontSize":"12px","lineHeight":"16px","marginLeft":"8px","marginTop":"auto","marginRight":"0px","marginBottom":"0px"},"characterImageChat":{"backgroundColor":"#ffffff","borderColor":"#dcdcdc","borderLeftWidth":"2px","borderTopWidth":"2px","borderRightWidth":"2px","borderBottomWidth":"2px","borderRadius":"12px","marginLeft":"0","marginTop":"0","marginRight":"0","marginBottom":"0","paddingBottom":"8px","paddingRight":"8px","paddingTop":"8px","paddingLeft":"8px"},"playerImageChat":{"backgroundColor":"#ffffff","borderColor":"#e6e9eb"},"chatImage":{"borderRadius":"0"},"narrationChat":{"backgroundColor":"#dce5e8","color":"#454e59","borderColor":"#dce5e8","borderRadius":"10px","borderLeftWidth":"0","borderTopWidth":"0","borderRightWidth":"0","borderBottomWidth":"0","fontSize":"14px","lineHeight":"20px","textAlign":"center","width":"100%","marginLeft":"auto","marginTop":"0px","marginRight":"auto","marginBottom":"0px","paddingLeft":"16px","paddingTop":"3.2px","paddingRight":"16px","paddingBottom":"3.2px","fontWeight":600},"selectionChat":{"backgroundColor":"#e2ecf3","color":"#000000","borderColor":"#dcdcdc","borderRadius":"10px","borderLeftWidth":"1px","borderTopWidth":"1px","borderRightWidth":"1px","borderBottomWidth":"1px","marginLeft":"0px","marginTop":"0px","marginRight":"0px","marginBottom":"0","paddingLeft":"8px","paddingTop":"8px","paddingRight":"8px","paddingBottom":"8px"},"selectionChatTitle":{"display":"block","backgroundColor":"","color":"#4c5b6f","borderColor":"#dcdcdc","borderRadius":"0px","borderLeftWidth":"0px","borderTopWidth":"0px","borderRightWidth":"0px","borderBottomWidth":"1px","fontSize":"16px","lineHeight":"24px","textAlign":"left","marginLeft":"0","marginTop":"0px","marginRight":"0px","marginBottom":"8px","paddingLeft":"8px","paddingTop":"0px","paddingRight":"0px","paddingBottom":"0","fontWeight":600},"selectionChatButton":{"backgroundColor":"#ffffff","color":"#4c5b6f","borderColor":"#dcdcdc","borderRadius":"8px","borderLeftWidth":"1px","borderTopWidth":"1px","borderRightWidth":"1px","borderBottomWidth":"2px","fontSize":"16px","lineHeight":"24px","textAlign":"center","marginLeft":"0px","marginTop":"0px","marginRight":"0px","marginBottom":"4px","paddingLeft":"8px","paddingTop":"14px","paddingRight":"8px","paddingBottom":"12px","fontWeight":400},"tag":["game","blue archive"],"imageChat":{"backgroundColor":"#ffffff","borderColor":"#ffffff","borderRadius":"12px","borderLeftWidth":"","borderTopWidth":"","borderRightWidth":"","borderBottomWidth":"","marginLeft":"0px","marginTop":"0px","marginRight":"0px","marginBottom":"0px","paddingLeft":"8px","paddingTop":"8px","paddingRight":"8px","paddingBottom":"8px"},"text":"nikke game"}