{"uid":"bbcebc3a-b9d9-4cc5-8c1a-f75dcee4e3c2","title":"blabla","credate":"Tue, 05 Dec 2023 10:51:58 GMT","creator":"moso","tags":["game","nikke"],"font":{"normal":"","bold":"https:////fonts.gstatic.com/ea/notosanskr/v2/NotoSansKR-Bold.woff2"},"talk":{"backgroundColor":"#f2f2f2"},"chatBoxIsFirst":{"marginTop":"8px"},"chatBox":{"paddingLeft":"16px","paddingTop":"8px","paddingRight":"16px","paddingBottom":"0px"},"characterProfileImage":{"marginLeft":"0px","marginTop":"auto","marginRight":"14px","marginBottom":"0px","height":"60px","width":"60px","borderRadius":"999px"},"characterProfileName":{"color":"#2e2d2e","fontSize":"13px","lineHeight":"16px","marginLeft":"4px","marginTop":"0px","marginRight":"0px","marginBottom":"4px","fontWeight":600},"characterChat":{"backgroundColor":"#ffffff","color":"#2e2d2e","borderColor":"#e3e3e4","borderRadius":"16px","borderLeftWidth":"0","borderTopWidth":"0","borderRightWidth":"0","borderBottomWidth":"2px","fontSize":"14px","lineHeight":"20px","marginLeft":"0px","marginTop":"0px","marginRight":"0px","marginBottom":"0px","paddingLeft":"14px","paddingTop":"8px","paddingRight":"14px","paddingBottom":"8px","fontWeight":600},"playerChat":{"backgroundColor":"#fea50a","color":"#ffffff","borderColor":"#e2e7ef"},"characterChatVertex":{"top":"","left":"-8px","bottom":"4px","borderTopWidth":"8px","borderRightWidth":"16px","borderBottomWidth":"0"},"playerChatVertex":{"top":"","right":"-8px","borderTopWidth":"8px","borderLeftWidth":"16px","borderBottomWidth":"0","bottom":"4px"},"chatVertexOption":{"allChat":true,"imageChat":true,"selectionChat":true,"characterChatColor":"#ffffff","playerChatColor":"#fea50a","characterImageChatColor":"#ffffff","playerImageChatColor":"#fea50a","selectionChatColor":"#fea50a"},"chatTime":{"color":"#000000","fontSize":"12px","lineHeight":"16px","marginLeft":"8px","marginTop":"auto","marginRight":"0px","marginBottom":"0px"},"characterImageChat":{"backgroundColor":"#ffffff","borderColor":"#e3e3e4","borderLeftWidth":"0","borderTopWidth":"0","borderRightWidth":"0","borderBottomWidth":"2px","borderRadius":"12px","marginLeft":"0","marginTop":"0","marginRight":"0","marginBottom":"0","paddingBottom":"8px","paddingRight":"8px","paddingTop":"8px","paddingLeft":"8px"},"playerImageChat":{"backgroundColor":"#fea50a","borderColor":"#e2e7ef"},"chatImage":{"borderRadius":"12px"},"narrationChat":{"backgroundColor":"#979797","color":"#e0e0e0","borderColor":"#979797","borderRadius":"30px","borderLeftWidth":"","borderTopWidth":"","borderRightWidth":"","borderBottomWidth":"","fontSize":"14px","lineHeight":"20px","textAlign":"center","width":"auto","marginLeft":"auto","marginTop":"0px","marginRight":"auto","marginBottom":"0px","paddingLeft":"16px","paddingTop":"8px","paddingRight":"16px","paddingBottom":"8px","fontWeight":600},"selectionChat":{"backgroundColor":"#fea50a","color":"#000000","borderColor":"#e2e7ef","borderRadius":"16px","borderLeftWidth":"0","borderTopWidth":"0","borderRightWidth":"0","borderBottomWidth":"2px","marginLeft":"0px","marginTop":"0px","marginRight":"0px","marginBottom":"0px","paddingLeft":"16px","paddingTop":"12px","paddingRight":"16px","paddingBottom":"4px"},"selectionChatTitle":{"display":"none","backgroundColor":"","color":"#ffffff","borderColor":"#ffffff","borderRadius":"0px","borderLeftWidth":"0px","borderTopWidth":"0px","borderRightWidth":"0px","borderBottomWidth":"1px","fontSize":"16px","lineHeight":"24px","textAlign":"left","marginLeft":"0px","marginTop":"0px","marginRight":"0px","marginBottom":"8px","paddingLeft":"0px","paddingTop":"0px","paddingRight":"0px","paddingBottom":"8px","fontWeight":600},"selectionChatButton":{"backgroundColor":"#ffffff","color":"#2e2d2e","borderColor":"#000000","borderRadius":"16px","borderLeftWidth":"0","borderTopWidth":"0","borderRightWidth":"0","borderBottomWidth":"0","fontSize":"14px","lineHeight":"20px","textAlign":"center","marginLeft":"0px","marginTop":"0px","marginRight":"0px","marginBottom":"8px","paddingLeft":"4px","paddingTop":"8px","paddingRight":"4px","paddingBottom":"8px","fontWeight":600},"tag":["nikke","game"],"imageChat":{"backgroundColor":"#ffffff","borderColor":"#ffffff","borderRadius":"12px","borderLeftWidth":"","borderTopWidth":"","borderRightWidth":"","borderBottomWidth":"","marginLeft":"0px","marginTop":"0px","marginRight":"0px","marginBottom":"0px","paddingLeft":"8px","paddingTop":"8px","paddingRight":"8px","paddingBottom":"8px"},"text":"nikke game"}