{"uid":"c6d30760-f0c9-4afb-bd99-e46f0cd3f3ef","title":"line","credate":"Tue, 05 Dec 2023 10:51:58 GMT","creator":"moso","tags":["line","talk"],"font":{"bold":"","normal":""},"talk":{"backgroundColor":"#8cabd9"},"chatBoxIsFirst":{"marginTop":"4px"},"chatBox":{"paddingTop":"8px","paddingLeft":"8px","paddingRight":"8px","paddingBottom":"0"},"characterProfileImage":{"marginLeft":"0","marginTop":"0px","marginRight":"8px","marginBottom":"0px","height":"32px","width":"32px","borderRadius":"30px"},"characterProfileName":{"color":"#000000","fontSize":"12px","lineHeight":"14px","marginLeft":"0px","marginTop":"0px","marginRight":"0px","marginBottom":"4px","fontWeight":400},"characterChat":{"backgroundColor":"#ffffff","color":"#000000","borderColor":"#ffffff","borderRadius":"20px","borderLeftWidth":"0","borderTopWidth":"0","borderRightWidth":"0","borderBottomWidth":"0","fontWeight":400,"fontSize":"14px","lineHeight":"20px","marginLeft":"0px","marginTop":"0px","marginRight":"0px","marginBottom":"0px","paddingLeft":"12px","paddingTop":"8px","paddingRight":"12px","paddingBottom":"8px"},"playerChat":{"backgroundColor":"#79e279","color":"#000000","borderColor":"#79e279"},"characterChatVertex":{"top":"4px","left":"-6px","bottom":"","borderTopWidth":"","borderRightWidth":"14px","borderBottomWidth":"10px"},"playerChatVertex":{"top":"4px","right":"-6px","borderTopWidth":"","borderLeftWidth":"14px","borderBottomWidth":"10px"},"chatVertexOption":{"allChat":false,"imageChat":false,"selectionChat":false,"characterChatColor":"#ffffff","playerChatColor":"#79e279","playerImageChatColor":"#ffffff","selectionChatColor":"#ffffff"},"chatTime":{"color":"#000000","fontWeight":400,"fontSize":"10px","lineHeight":"14px","marginLeft":"4px","marginTop":"auto","marginRight":"0px","marginBottom":"0px"},"characterImageChat":{"backgroundColor":"#ffffff","borderColor":"#ffffff","borderRadius":"8px","borderLeftWidth":"0","borderTopWidth":"0","borderRightWidth":"0","borderBottomWidth":"0","marginLeft":"0px","marginTop":"0px","marginRight":"0px","marginBottom":"0px","paddingLeft":"0","paddingTop":"0","paddingRight":"0","paddingBottom":"0"},"playerImageChat":{"backgroundColor":"#ffffff","borderColor":"#000000"},"chatImage":{"borderRadius":"8px"},"narrationChat":{"backgroundColor":"#7892b6","color":"#ffffff","borderColor":"#ffffff","borderRadius":"30px","borderLeftWidth":"","borderTopWidth":"","borderRightWidth":"","borderBottomWidth":"","fontWeight":400,"fontSize":"12px","lineHeight":"20px","textAlign":"center","width":"auto","marginLeft":"auto","marginTop":"0px","marginRight":"auto","marginBottom":"0px","paddingLeft":"8px","paddingTop":"4px","paddingRight":"8px","paddingBottom":"4px"},"selectionChat":{"backgroundColor":"#79e279","color":"#000000","borderColor":"#79e279","borderRadius":"8px","borderLeftWidth":"0","borderTopWidth":"0","borderRightWidth":"0","borderBottomWidth":"0","marginLeft":"0px","marginTop":"0px","marginRight":"0px","marginBottom":"0px","paddingLeft":"8px","paddingTop":"8px","paddingRight":"8px","paddingBottom":"0px"},"selectionChatTitle":{"display":"none","backgroundColor":"#ffffff","color":"#000000","borderColor":"#000000","borderRadius":"0px","borderLeftWidth":"0px","borderTopWidth":"","borderRightWidth":"0px","borderBottomWidth":"1px","fontWeight":600,"fontSize":"16px","lineHeight":"24px","textAlign":"left","marginLeft":"0px","marginTop":"0px","marginRight":"0px","marginBottom":"8px","paddingLeft":"0px","paddingTop":"0px","paddingRight":"0px","paddingBottom":"0px"},"selectionChatButton":{"backgroundColor":"#ffffff","color":"#000000","borderColor":"#ffffff","borderRadius":"8px","borderLeftWidth":"0","borderTopWidth":"0","borderRightWidth":"0","borderBottomWidth":"0","fontWeight":400,"fontSize":"14px","lineHeight":"20px","textAlign":"center","marginLeft":"0px","marginTop":"0px","marginRight":"0px","marginBottom":"8px","paddingLeft":"4px","paddingTop":"8px","paddingRight":"4px","paddingBottom":"8px"},"tag":[],"imageChat":{"backgroundColor":"#ffffff","borderColor":"#ffffff","borderRadius":"12px","borderLeftWidth":"","borderTopWidth":"","borderRightWidth":"","borderBottomWidth":"","marginLeft":"0px","marginTop":"0px","marginRight":"0px","marginBottom":"0px","paddingLeft":"8px","paddingTop":"8px","paddingRight":"8px","paddingBottom":"8px"},"text":"nikke game"}