{"uid":"e956a7ed-5719-4583-9434-7677dcc299ac","title":"kakao","credate":"Tue, 05 Dec 2023 10:51:58 GMT","creator":"moso222","tags":["kakao"],"font":{"bold":"","normal":""},"talk":{"backgroundColor":"#bacee0"},"chatBoxIsFirst":{"marginTop":"8px"},"chatBox":{"paddingLeft":"16px","paddingTop":"8px","paddingRight":"16px","paddingBottom":"0px"},"characterProfileImage":{"marginLeft":"0px","marginTop":"0px","marginRight":"16px","marginBottom":"0px","height":"50px","width":"50px","borderRadius":"20px"},"characterProfileName":{"color":"#000000","fontSize":"14px","lineHeight":"20px","marginLeft":"0px","marginTop":"0px","marginRight":"0px","marginBottom":"6px","fontWeight":400},"characterChat":{"backgroundColor":"#ffffff","color":"#000000","borderColor":"#9eafbf","borderRadius":"4px","borderLeftWidth":"0","borderTopWidth":"0","borderRightWidth":"0","borderBottomWidth":"2px","fontWeight":400,"fontSize":"14px","lineHeight":"20px","marginLeft":"0px","marginTop":"0px","marginRight":"0px","marginBottom":"0px","paddingLeft":"8px","paddingTop":"6px","paddingRight":"8px","paddingBottom":"6px"},"playerChat":{"backgroundColor":"#ffeb33","color":"#000000","borderColor":"#9eafbf"},"characterChatVertex":{"top":"8px","left":"-10px","bottom":"","borderTopWidth":"0","borderRightWidth":"12px","borderBottomWidth":"12px"},"playerChatVertex":{"top":"8px","right":"-10px","borderTopWidth":"0","borderLeftWidth":"12px","borderBottomWidth":"12px"},"chatVertexOption":{"allChat":false,"imageChat":false,"selectionChat":false,"characterChatColor":"#ffffff","playerChatColor":"#ffeb33","playerImageChatColor":"#ffffff","selectionChatColor":"#ffffff","characterImageChatColor":"#ffffff"},"chatTime":{"color":"#545454","fontWeight":400,"fontSize":"11px","lineHeight":"16px","marginLeft":"8px","marginTop":"auto","marginRight":"0px","marginBottom":"0px"},"characterImageChat":{"backgroundColor":"#ffffff","borderColor":"#000000","borderRadius":"8px","borderLeftWidth":"0","borderTopWidth":"0","borderRightWidth":"0","borderBottomWidth":"0","marginLeft":"0px","marginTop":"0px","marginRight":"0px","marginBottom":"0px","paddingLeft":"0","paddingTop":"0","paddingRight":"0","paddingBottom":"0"},"playerImageChat":{"backgroundColor":"#ffffff","borderColor":"#000000"},"chatImage":{"borderRadius":"6px"},"narrationChat":{"backgroundColor":"#b1c3d5","color":"#545454","borderColor":"#ffffff","borderRadius":"8px","borderLeftWidth":"0","borderTopWidth":"0","borderRightWidth":"0","borderBottomWidth":"0","fontWeight":400,"fontSize":"14px","lineHeight":"20px","textAlign":"center","width":"auto","marginLeft":"auto","marginTop":"0px","marginRight":"auto","marginBottom":"0px","paddingLeft":"12px","paddingTop":"2px","paddingRight":"12px","paddingBottom":"2px"},"selectionChat":{"backgroundColor":"#ffeb33","color":"#000000","borderColor":"#9eafbf","borderRadius":"8px","borderLeftWidth":"0","borderTopWidth":"0","borderRightWidth":"0","borderBottomWidth":"2px","marginLeft":"0px","marginTop":"0px","marginRight":"0px","marginBottom":"0px","paddingLeft":"8px","paddingTop":"8px","paddingRight":"8px","paddingBottom":"0px"},"selectionChatTitle":{"display":"none","backgroundColor":"#ffffff","color":"#000000","borderColor":"#000000","borderRadius":"0px","borderLeftWidth":"0px","borderTopWidth":"0px","borderRightWidth":"0px","borderBottomWidth":"1px","fontWeight":600,"fontSize":"16px","lineHeight":"24px","textAlign":"left","marginLeft":"0px","marginTop":"0px","marginRight":"0px","marginBottom":"8px","paddingLeft":"0px","paddingTop":"0px","paddingRight":"0px","paddingBottom":"0px"},"selectionChatButton":{"backgroundColor":"#ffffff","color":"#000000","borderColor":"#000000","borderRadius":"6px","borderLeftWidth":"0","borderTopWidth":"0","borderRightWidth":"0","borderBottomWidth":"0","fontWeight":400,"fontSize":"14px","lineHeight":"20px","textAlign":"center","marginLeft":"0px","marginTop":"0px","marginRight":"0px","marginBottom":"8px","paddingLeft":"4px","paddingTop":"8px","paddingRight":"4px","paddingBottom":"8px"},"tag":[],"imageChat":{"backgroundColor":"#ffffff","borderColor":"#ffffff","borderRadius":"12px","borderLeftWidth":"","borderTopWidth":"","borderRightWidth":"","borderBottomWidth":"","marginLeft":"0px","marginTop":"0px","marginRight":"0px","marginBottom":"0px","paddingLeft":"8px","paddingTop":"8px","paddingRight":"8px","paddingBottom":"8px"},"text":"nikke game"}